wind_code,20190101,20190201,20190301,20190401,20190501,20190601,20190701,20190801,20190901
000001.SZ,0.857,0.9491,0.9368,0.9124,0.973,0.923,0.938,0.9812,0.986
000002.SZ,1.233,1.3283,1.1867,1.2574,1.149,1.146,1.0914,1.12,1.017
000063.SZ,0.496,0.4793,0.6049,0.5755,0.626,0.604,0.6326,0.6312,0.556
000069.SZ,0.277,0.2591,0.2452,0.2679,0.267,0.247,0.2297,0.2351,0.227
000100.SZ,0.283,0.3038,0.305,0.3636,0.319,0.317,0.3061,0.3014,0.283
000157.SZ,0.17,0.1663,0.1626,0.1678,0.182,0.213,0.2345,0.2552,0.221
000166.SZ,0.293,0.3003,0.3261,0.3069,0.284,0.282,0.3613,0.3529,0.349
000333.SZ,1.82,2.0265,1.9268,1.9799,1.989,2.031,1.9617,2.1097,2.079
000338.SZ,0.397,0.4288,0.4154,0.4757,0.49,0.5,0.4845,0.4615,0.45
000402.SZ,0.082,0.0843,0.0819,0.0844,0.081,0.077,0.0744,0.0724,0.071
000408.SZ,0.071,0.0639,0.0613,0.0604,0.05,0.039,0.0395,0.0504,0.042
000413.SZ,0.184,0.1613,0.1877,0.193,0.194,0.169,0.1877,0.1716,0.162
000415.SZ,0.071,0.0635,0.0728,0.0718,0.067,0.063,0.0588,0.0561,0.053
000423.SZ,0.193,0.1882,0.181,0.1816,0.164,0.165,0.1465,0.1217,0.117
000425.SZ,0.162,0.154,0.1612,0.1709,0.176,0.178,0.174,0.1832,0.164
000503.SZ,0.122,0.1015,0.1226,0.1621,0.131,0.116,,,
000538.SZ,0.41,0.4161,0.3854,0.3674,0.377,0.357,0.3447,0.3136,0.318
000553.SZ,0.024,0.0252,0.0243,0.0242,0.023,0.024,0.0391,0.037,0.035
000568.SZ,0.317,0.3163,0.335,0.3975,0.467,0.457,0.4805,0.4741,0.575
000625.SZ,0.137,0.1482,0.1459,0.1353,0.136,0.12,0.1072,0.1225,0.127
000627.SZ,0.089,0.0834,0.092,0.0843,0.084,0.083,0.1028,0.1142,0.113
000630.SZ,0.132,0.1253,0.1286,0.1395,0.129,0.134,0.1233,0.1183,0.115
000651.SZ,1.828,1.9931,1.8821,1.8321,2.189,2.222,2.2115,2.094,2.166
000661.SZ,0.254,0.2615,0.2631,0.3546,0.339,0.379,0.3742,0.3632,0.388
000671.SZ,0.089,0.0907,0.0967,0.1093,0.091,0.088,0.0861,0.086,0.075
000703.SZ,0.161,0.1683,0.1337,0.149,0.144,0.135,0.1254,0.1121,0.104
000709.SZ,0.128,0.1287,0.1239,0.1202,0.111,0.112,0.1013,0.0936,0.088
000725.SZ,0.664,0.613,0.8676,0.7665,0.698,0.72,0.7027,0.7762,0.704
000728.SZ,0.15,0.1537,0.1708,0.1726,0.162,0.164,0.1486,0.1481,0.139
000768.SZ,0.195,0.1933,0.1923,0.1953,0.18,0.192,0.1737,0.1829,0.18
000776.SZ,0.399,0.3789,0.4278,0.3909,0.377,0.339,0.3296,0.3179,0.319
000783.SZ,0.212,0.2074,0.2393,0.24,0.25,0.244,0.2404,0.2328,0.218
000786.SZ,0.124,0.1362,0.1376,0.1432,0.134,0.143,0.1231,0.1226,0.125
000792.SZ,0.104,0.0836,0.0878,0.0792,0.081,0.093,,,
000826.SZ,0.079,0.0686,0.0719,0.0911,0.066,0.062,,,
000839.SZ,0.098,0.0913,0.1084,0.1359,0.105,0.097,,,
000858.SZ,1.051,1.172,1.2598,1.5113,1.626,1.734,1.918,1.8725,2.227
000876.SZ,0.163,0.1658,0.205,0.2461,0.299,0.383,0.3017,0.3373,0.334
000895.SZ,0.249,0.2453,0.2056,0.21,0.225,0.219,0.2014,0.1922,0.18
000898.SZ,0.101,0.0956,0.0906,0.0872,0.081,0.083,0.072,0.0674,0.061
000938.SZ,0.068,0.063,0.068,0.0736,0.065,0.071,0.0651,0.0771,0.077
000959.SZ,0.063,0.0617,0.0586,0.0572,0.051,0.05,,,
000961.SZ,0.111,0.1153,0.1248,0.1496,0.134,0.146,0.1269,0.1243,0.11
000963.SZ,0.205,0.202,0.1991,0.1995,0.208,0.188,0.1816,0.1909,0.203
000983.SZ,0.092,0.0871,0.0854,0.0817,0.089,0.086,,,
001965.SZ,0.048,0.0455,0.0426,0.0412,0.038,0.04,,,
001979.SZ,0.438,0.4451,0.4303,0.4455,0.427,0.455,0.3999,0.3848,0.38
002001.SZ,0.137,0.1312,0.1298,0.1329,0.134,0.147,0.1997,0.2189,0.247
002007.SZ,0.195,0.19,0.1853,0.2043,0.195,0.208,0.2092,0.2005,0.223
002008.SZ,0.276,0.2799,0.2921,0.2958,0.273,0.25,0.2496,0.1979,0.215
002024.SZ,0.39,0.3981,0.3924,0.3886,0.385,0.356,0.3426,0.3203,0.324
002027.SZ,0.409,0.4093,0.4318,0.393,0.366,0.36,0.44,0.4206,0.448
002032.SZ,0.092,0.0855,0.0907,0.0988,0.091,0.103,0.1005,0.0922,0.096
002044.SZ,0.298,0.2939,0.2753,0.2918,0.235,0.221,0.1863,0.215,0.226
002050.SZ,0.144,0.1423,0.134,0.1415,0.139,0.098,0.119,0.1208,0.132
002065.SZ,0.138,0.1225,0.1296,0.1405,0.12,0.118,0.1066,0.1029,0.104
002081.SZ,0.137,0.1343,0.1465,0.1591,0.139,0.135,0.1335,0.1436,0.126
002085.SZ,0.108,0.0947,0.0901,0.0888,0.086,0.084,,,
002120.SZ,0.044,0.0464,0.0425,0.044,0.042,0.047,0.0726,0.0807,0.086
002142.SZ,0.45,0.4519,0.4383,0.4662,0.488,0.533,0.5066,0.4929,0.517
002146.SZ,0.147,0.1571,0.1453,0.1614,0.147,0.144,0.1312,0.1212,0.114
002153.SZ,0.088,0.0896,0.0873,0.0877,0.082,0.094,0.0928,0.0909,0.088
002179.SZ,0.142,0.142,0.1413,0.1325,0.135,0.15,0.1402,0.1578,0.181
002202.SZ,0.247,0.3135,0.2801,0.3257,0.262,0.279,0.272,0.2636,0.29
002230.SZ,0.384,0.412,0.4488,0.4416,0.387,0.376,0.4006,0.4053,0.411
002236.SZ,0.219,0.2414,0.241,0.2505,0.243,0.199,0.217,0.2354,0.234
002241.SZ,0.143,0.1311,0.1474,0.1696,0.17,0.136,0.1452,0.1853,0.208
002252.SZ,0.127,0.0913,0.1224,0.1197,0.103,0.093,0.0852,0.0846,0.1
002271.SZ,0.124,0.146,0.1526,0.1607,0.144,0.152,0.1623,0.1638,0.147
002294.SZ,0.093,0.0854,0.0869,0.0929,0.082,0.082,0.0754,0.0753,0.075
002304.SZ,0.608,0.589,0.5949,0.6276,0.58,0.608,0.6142,0.5552,0.547
002310.SZ,0.099,0.0838,0.0963,0.0873,0.072,0.066,0.0778,0.0771,0.066
002311.SZ,0.195,0.1865,0.1816,0.1827,0.198,0.223,0.1895,0.1944,0.212
002352.SZ,0.169,0.1526,0.1523,0.1462,0.132,0.128,0.1646,0.1854,0.208
002411.SZ,0.069,0.0581,0.0546,0.0508,0.051,0.049,0.0659,0.0645,0.062
002415.SZ,1.012,1.1486,1.095,1.0967,0.987,0.809,0.8752,0.9308,0.938
002422.SZ,0.19,0.1916,0.1766,0.2049,0.203,0.23,0.2003,0.2197,0.194
002450.SZ,0.173,0.0839,0.119,0.1002,0.087,0.054,,,
002456.SZ,0.186,0.1946,0.224,0.2285,0.188,0.137,0.1284,0.1378,0.139
002460.SZ,0.183,0.1558,0.1799,0.1824,0.157,0.169,0.1492,0.1467,0.132
002466.SZ,0.214,0.1885,0.218,0.2022,0.166,0.168,0.1408,0.1395,0.128
002468.SZ,0.054,0.0576,0.0566,0.0616,0.06,0.066,0.0639,0.0662,0.057
002475.SZ,0.369,0.4069,0.441,0.5102,0.527,0.468,0.528,0.5668,0.637
002493.SZ,0.135,0.1323,0.1223,0.1371,0.136,0.127,0.121,0.1192,0.111
002508.SZ,0.102,0.1181,0.1029,0.1339,0.113,0.106,0.1047,0.0945,0.096
002555.SZ,0.064,0.0702,0.0763,0.0731,0.071,0.071,0.1176,0.1224,0.133
002558.SZ,0.125,0.1169,0.1121,0.1116,0.095,0.099,0.0879,0.0875,0.085
002572.SZ,0.115,0.1014,0.1034,0.1401,0.118,0.109,,,
002594.SZ,0.492,0.4319,0.4171,0.398,0.422,0.386,0.3691,0.4095,0.364
002601.SZ,0.08,0.0741,0.0739,0.0809,0.078,0.083,0.0721,0.0693,0.064
002602.SZ,0.103,0.0916,0.0807,0.0746,0.075,0.072,0.1278,0.1393,0.129
002624.SZ,0.117,0.0987,0.1005,0.1017,0.091,0.089,0.1118,0.1121,0.114
002625.SZ,0.045,0.042,0.0428,0.0421,0.036,0.035,0.032,0.032,0.032
002673.SZ,0.143,0.1362,0.1581,0.1651,0.152,0.151,0.1417,0.1351,0.127
002714.SZ,0.191,0.2133,0.2461,0.3513,0.328,0.35,0.4011,0.5232,0.544
002736.SZ,0.219,0.2074,0.2495,0.2714,0.248,0.259,0.2593,0.2604,0.258
002773.SZ,0.049,0.0526,0.0463,0.0579,0.055,0.059,0.0692,0.0718,0.077
002797.SZ,0.121,0.1203,0.1366,0.1373,0.121,0.115,,,
002925.SZ,0.043,0.045,0.043,0.0407,0.035,0.033,0.0441,0.0431,0.049
300003.SZ,0.237,0.2212,0.2372,0.2421,0.233,0.217,0.2013,0.212,0.233
300015.SZ,0.267,0.266,0.2702,0.2643,0.291,0.322,0.3099,0.3038,0.34
300017.SZ,0.122,0.1102,0.1341,0.1572,0.131,0.135,0.1766,0.166,0.158
300024.SZ,0.154,0.1523,0.1561,0.1756,0.15,0.149,0.1351,0.14,0.128
300033.SZ,0.087,0.0928,0.149,0.1905,0.16,0.16,0.1726,0.1574,0.155
300059.SZ,0.466,0.4742,0.6466,0.5907,0.51,0.509,0.5895,0.6288,0.631
300070.SZ,0.157,0.1422,0.1541,0.1471,0.137,0.126,0.1179,0.1004,0.098
300072.SZ,0.123,0.0896,0.1009,0.1025,0.093,0.08,0.0758,0.0714,0.06
300122.SZ,0.198,0.1741,0.1887,0.1998,0.169,0.171,0.1673,0.1771,0.186
300124.SZ,0.214,0.2197,0.2263,0.2112,0.206,0.2,0.1872,0.1995,0.186
300136.SZ,0.18,0.1779,0.2016,0.1894,0.171,0.153,0.1598,0.1841,0.201
300142.SZ,0.25,0.2292,0.2238,0.2519,0.274,0.262,0.295,0.2712,0.271
300144.SZ,0.165,0.1429,0.1349,0.1383,0.134,0.137,0.1332,0.1507,0.156
300251.SZ,0.071,0.0751,0.067,0.0628,0.056,0.054,0.0482,0.0626,0.061
300296.SZ,0.125,0.0944,0.1133,0.1169,0.112,0.105,0.1146,0.0997,0.095
300408.SZ,0.188,0.1798,0.1778,0.1852,0.169,0.174,0.1614,0.1766,0.167
300433.SZ,0.055,0.0473,0.0588,0.0571,0.054,0.048,0.0456,0.0499,0.055
600000.SH,1.225,1.2481,1.2069,1.0831,1.15,1.153,1.0783,1.1087,1.074
600004.SH,0.111,0.1185,0.1164,0.1252,0.129,0.143,0.1516,0.1492,0.157
600009.SH,0.521,0.4712,0.4903,0.4794,0.557,0.588,0.6537,0.6405,0.657
600010.SH,0.287,0.27,0.2807,0.2779,0.254,0.283,0.2446,0.2306,0.222
600011.SH,0.346,0.2801,0.2543,0.2366,0.243,0.252,0.216,0.2414,0.225
600015.SH,0.504,0.4605,0.4516,0.4194,0.404,0.407,0.3751,0.3757,0.361
600016.SH,1.514,1.4554,1.4202,1.2931,1.3,1.339,1.2499,1.2113,1.17
600018.SH,0.179,0.1736,0.1676,0.1931,0.214,0.217,0.1791,0.1896,0.151
600019.SH,0.616,0.6216,0.5797,0.5416,0.523,0.495,0.4613,0.4521,0.42
600023.SH,0.205,0.1812,0.1678,0.1635,0.158,0.168,0.1434,0.1425,0.132
600025.SH,0.06,0.0586,0.055,0.0617,0.06,0.064,0.058,0.069,0.067
600027.SH,0.165,0.1335,0.1232,0.1174,0.111,0.113,0.0974,0.107,0.099
600028.SH,0.668,0.7038,0.6459,0.585,0.578,0.595,0.575,0.5671,0.54
600029.SH,0.243,0.2411,0.2468,0.2414,0.239,0.218,0.2118,0.1991,0.183
600030.SH,1.341,1.4434,1.6464,1.6045,1.484,1.398,1.505,1.4622,1.425
600031.SH,0.485,0.5108,0.5005,0.6122,0.588,0.625,0.6162,0.6743,0.641
600036.SH,2.767,2.9829,2.9021,2.8345,2.908,3.114,2.9852,3.0265,2.868
600038.SH,0.117,0.1205,0.1183,0.1139,0.103,0.108,0.0967,0.1032,0.115
600048.SH,0.895,0.9064,0.8146,0.8441,0.788,0.766,0.7288,0.8001,0.779
600050.SH,0.512,0.4924,0.5214,0.5239,0.508,0.487,0.4623,0.4431,0.442
600061.SH,0.081,0.0766,0.0958,0.1009,0.096,0.092,0.1895,0.1845,0.181
600066.SH,0.168,0.1531,0.1617,0.1492,0.155,0.147,0.1396,0.1359,0.157
600068.SH,0.186,0.1704,0.1687,0.1633,0.154,0.151,0.1363,0.135,0.121
600085.SH,0.161,0.1459,0.1376,0.1362,0.14,0.141,0.1276,0.1247,0.124
600089.SH,0.268,0.2647,0.2522,0.2546,0.235,0.235,0.2147,0.212,0.198
600100.SH,0.215,0.1788,0.1817,0.212,0.177,0.182,0.1743,0.1695,0.17
600104.SH,0.995,0.922,0.8597,0.7515,0.785,0.741,0.7161,0.6986,0.713
600109.SH,0.184,0.1872,0.2098,0.2183,0.203,0.195,0.1881,0.1802,0.172
600111.SH,0.203,0.1872,0.201,0.2021,0.183,0.253,0.2153,0.1956,0.205
600115.SH,0.198,0.1956,0.1963,0.2294,0.22,0.207,0.1976,0.1819,0.161
600118.SH,0.109,0.106,0.1128,0.1248,0.112,0.123,0.1074,0.1094,0.112
600153.SH,0.128,0.1296,0.1247,0.1252,0.134,0.132,0.0994,0.1021,0.098
600157.SH,0.089,0.0993,0.1153,0.1137,0.105,0.1,,,
600170.SH,0.144,0.1419,0.1352,0.1389,0.139,0.147,0.133,0.1357,0.13
600176.SH,0.216,0.2103,0.2025,0.1911,0.187,0.171,0.1602,0.1509,0.139
600177.SH,0.192,0.1898,0.1833,0.189,0.196,0.21,0.1762,0.1829,0.176
600188.SH,0.083,0.0797,0.0822,0.0796,0.083,0.084,0.0764,0.0738,0.069
600196.SH,0.249,0.2388,0.2469,0.2471,0.239,0.22,0.2073,0.2116,0.225
600208.SH,0.133,0.1222,0.1361,0.1501,0.125,0.115,0.1089,0.1021,0.1
600219.SH,0.161,0.1536,0.157,0.1613,0.147,0.146,0.1299,0.1279,0.125
600221.SH,0.23,0.2124,0.2125,0.2078,0.206,0.204,0.185,0.1809,0.175
600233.SH,0.039,0.0436,0.0407,0.041,0.04,0.044,0.0369,0.038,0.033
600271.SH,0.272,0.274,0.273,0.2604,0.233,0.226,0.2082,0.2064,0.194
600276.SH,1.24,1.3262,1.3603,1.4056,1.427,1.454,1.6568,1.6745,2.01
600297.SH,0.107,0.1056,0.1044,0.1054,0.1,0.095,0.116,0.1048,0.106
600309.SH,0.489,0.5576,0.5649,0.5948,0.581,0.527,0.5405,0.5587,0.569
600332.SH,0.214,0.1881,0.181,0.1797,0.209,0.192,0.1897,0.1664,0.168
600339.SH,0.065,0.061,0.0619,0.0647,0.059,0.063,0.0571,0.0513,0.05
600340.SH,0.488,0.4959,0.4783,0.467,0.463,0.471,0.4643,0.4185,0.39
600346.SH,0.107,0.0987,0.0966,0.116,0.11,0.115,0.1024,0.105,0.117
600352.SH,0.267,0.2595,0.2453,0.3971,0.433,0.381,0.3415,0.3137,0.294
600362.SH,0.145,0.1376,0.1392,0.1393,0.13,0.136,0.1295,0.1223,0.12
600369.SH,0.105,0.1109,0.1301,0.1277,0.121,0.116,0.112,0.1112,0.104
600372.SH,0.073,0.0711,0.0747,0.0735,0.066,0.07,0.0627,0.0633,0.064
600383.SH,0.231,0.2451,0.221,0.257,0.224,0.231,0.2163,0.2183,0.206
600390.SH,0.039,0.038,0.0464,0.0471,0.045,0.043,0.0403,0.0389,0.038
600398.SH,0.162,0.158,0.1525,0.1449,0.133,0.138,0.1281,0.1308,0.123
600406.SH,0.362,0.356,0.291,0.3207,0.299,0.296,0.2736,0.2802,0.259
600415.SH,0.101,0.0986,0.1075,0.1069,0.096,0.096,0.0897,0.0869,0.084
600436.SH,0.278,0.2718,0.2769,0.2837,0.285,0.286,0.2773,0.2543,0.244
600438.SH,0.171,0.206,0.1992,0.2094,0.227,0.264,0.2224,0.2272,0.231
600482.SH,0.164,0.1518,0.1503,0.1621,0.135,0.137,0.1287,0.1381,0.14
600487.SH,0.242,0.2331,0.2484,0.2352,0.219,0.186,0.1802,0.172,0.155
600489.SH,0.158,0.1373,0.1278,0.1212,0.112,0.123,0.1378,0.1235,0.137
600498.SH,0.213,0.1963,0.1956,0.1835,0.168,0.164,0.1575,0.158,0.153
600516.SH,0.191,0.198,0.2061,0.2022,0.184,0.169,0.1584,0.1532,0.134
600518.SH,0.293,0.1891,0.2833,0.2628,0.233,0.11,,,
600519.SH,3.156,3.4353,3.3918,3.4805,4.006,3.947,4.0666,3.9071,4.654
600522.SH,0.213,0.1944,0.2091,0.2027,0.204,0.192,0.1824,0.1754,0.166
600535.SH,0.185,0.1667,0.1607,0.1745,0.163,0.147,0.1236,0.1188,0.125
600547.SH,0.239,0.2266,0.206,0.1883,0.177,0.204,0.2317,0.2414,0.336
600549.SH,0.109,0.101,0.1036,0.1065,0.093,0.115,,,
600566.SH,0.116,0.1104,0.0967,0.0947,0.096,0.098,0.0787,0.0768,0.077
600570.SH,0.273,0.3208,0.3731,0.3838,0.336,0.354,0.354,0.3717,0.387
600583.SH,0.115,0.117,0.1153,0.12,0.104,0.113,0.0988,0.0955,0.096
600585.SH,0.623,0.6415,0.6273,0.6402,0.654,0.698,0.6582,0.6354,0.64
600588.SH,0.217,0.2347,0.2545,0.2784,0.248,0.251,0.2708,0.2868,0.323
600606.SH,0.237,0.2324,0.2182,0.2323,0.223,0.216,0.199,0.2065,0.196
600637.SH,0.225,0.2044,0.2051,0.21,0.191,0.185,0.1735,0.1643,0.156
600660.SH,0.34,0.3248,0.297,0.2798,0.288,0.27,0.2535,0.253,0.249
600674.SH,0.163,0.1589,0.1396,0.1335,0.128,0.14,0.1248,0.1353,0.141
600688.SH,0.117,0.1122,0.1038,0.0972,0.092,0.102,0.0895,0.0843,0.075
600690.SH,0.539,0.5846,0.5372,0.5334,0.514,0.513,0.5108,0.5006,0.472
600703.SH,0.295,0.2531,0.2936,0.3019,0.262,0.232,0.2382,0.2315,0.215
600704.SH,0.084,0.0808,0.0813,0.0811,0.081,0.083,0.0753,0.0762,0.074
600705.SH,0.203,0.1958,0.2303,0.2226,0.212,0.215,0.234,0.2231,0.204
600739.SH,0.136,0.1234,0.1411,0.1508,0.142,0.137,,,
600741.SH,0.309,0.3166,0.2793,0.2677,0.304,0.279,0.2752,0.2934,0.319
600760.SH,0.124,0.1246,0.12,0.1133,0.106,0.108,0.0973,0.1012,0.112
600795.SH,0.321,0.2863,0.2672,0.2596,0.262,0.262,0.2367,0.2456,0.235
600809.SH,0.097,0.1025,0.1166,0.1276,0.122,0.13,0.1466,0.1417,0.163
600816.SH,0.102,0.089,0.1429,0.1297,0.099,0.099,0.0885,0.0837,0.081
600837.SH,0.758,0.8219,0.901,0.9403,0.926,0.864,0.919,0.9006,0.897
600867.SH,0.211,0.1682,0.1811,0.2068,0.184,0.187,0.1484,0.1533,0.172
600886.SH,0.349,0.3323,0.2834,0.2758,0.27,0.283,0.2118,0.2376,0.267
600887.SH,1.48,1.4722,1.4456,1.4591,1.542,1.61,1.6383,1.5478,1.417
600893.SH,0.208,0.1982,0.1933,0.1959,0.179,0.186,0.1635,0.1678,0.172
600900.SH,1.116,1.0651,0.9183,0.8994,0.911,1.032,0.9219,1.0036,0.997
600909.SH,0.091,0.0897,0.1016,0.1067,0.099,0.098,,,
600919.SH,0.44,0.4273,0.4295,0.4061,0.416,0.444,0.3982,0.3835,0.375
600926.SH,0.162,0.158,0.1572,0.1448,0.149,0.149,0.1365,0.1405,0.133
600958.SH,0.304,0.2996,0.3916,0.3513,0.327,0.324,0.3072,0.2968,0.289
600977.SH,0.114,0.1159,0.1014,0.1093,0.11,0.1,0.0956,0.0878,0.086
600998.SH,0.088,0.0821,0.0749,0.0724,0.072,0.065,0.0553,0.0561,0.061
600999.SH,0.408,0.4174,0.4399,0.4132,0.41,0.39,0.3896,0.3857,0.371
601006.SH,0.521,0.5106,0.4516,0.4066,0.415,0.439,0.3825,0.3803,0.373
601009.SH,0.408,0.4079,0.3905,0.3921,0.421,0.435,0.3907,0.4009,0.376
601012.SH,0.363,0.4402,0.4623,0.4455,0.472,0.534,0.4662,0.5264,0.569
601018.SH,0.14,0.1322,0.1325,0.1434,0.173,0.158,0.1404,0.1384,0.124
601021.SH,0.093,0.0876,0.0836,0.0925,0.095,0.106,0.1323,0.1255,0.133
601066.SH,0.041,0.0536,0.0846,0.0951,0.085,0.091,0.0749,0.0675,0.07
601088.SH,0.378,0.3908,0.3525,0.3215,0.319,0.321,0.5277,0.5095,0.5
601108.SH,0.03,0.0288,0.0357,0.043,0.036,0.036,0.2223,0.2191,0.196
601111.SH,0.243,0.2422,0.2523,0.268,0.248,0.223,0.2311,0.2115,0.191
601117.SH,0.113,0.1067,0.1041,0.1052,0.1,0.106,0.095,0.0921,0.089
601138.SH,0.146,0.1388,0.1524,0.1483,0.149,0.143,0.1238,0.1295,0.137
601155.SH,0.228,0.2618,0.2601,0.3288,0.293,0.295,0.291,0.1904,0.182
601166.SH,1.982,2.0164,2.0573,1.8745,2.032,1.933,2.1203,2.223,2.025
601169.SH,0.884,0.8779,0.8303,0.7495,0.772,0.758,0.6918,0.6694,0.63
601186.SH,0.532,0.4605,0.4545,0.4326,0.408,0.382,0.3659,0.3595,0.34
601198.SH,0.14,0.1326,0.1591,0.1548,0.15,0.142,0.1316,0.125,0.12
601211.SH,0.735,0.7611,0.7698,0.7429,0.695,0.64,0.6628,0.6536,0.625
601212.SH,0.026,0.0248,0.0258,0.0328,0.028,0.031,0.0298,0.0281,0.031
601216.SH,0.094,0.0879,0.116,0.1116,0.1,0.097,0.0892,0.0881,0.081
601225.SH,0.317,0.3316,0.312,0.3055,0.295,0.308,0.294,0.3048,0.289
601228.SH,0.078,0.0739,0.076,0.079,0.071,0.068,0.0616,0.0607,0.058
601229.SH,0.651,0.6218,0.5827,0.5371,0.567,0.543,0.5211,0.5314,0.52
601238.SH,0.102,0.0949,0.0959,0.0889,0.095,0.089,0.0802,0.0835,0.088
601288.SH,1.468,1.4066,1.2613,1.1646,1.179,1.244,1.0877,1.1116,1.056
601318.SH,6.469,6.7584,6.7063,6.8658,7.634,7.553,7.803,7.6837,7.672
601328.SH,1.693,1.6868,1.5485,1.4002,1.408,1.445,1.3275,1.2872,1.206
601333.SH,0.114,0.1165,0.1108,0.099,0.095,0.094,,,
601336.SH,0.375,0.345,0.3733,0.3743,0.392,0.38,0.3786,0.3784,0.326
601360.SH,0.088,0.0804,0.0897,0.0886,0.076,0.076,0.0708,0.0655,0.073
601377.SH,0.232,0.2313,0.2818,0.2782,0.259,0.256,0.2533,0.2424,0.231
601390.SH,0.555,0.4945,0.4756,0.4424,0.43,0.423,0.3853,0.3819,0.363
601398.SH,1.215,1.2028,1.0791,0.9809,1.026,1.068,1.0015,0.9808,0.943
601555.SH,0.171,0.1691,0.1935,0.2063,0.221,0.209,0.1973,0.1889,0.175
601600.SH,0.248,0.235,0.2377,0.2341,0.223,0.232,0.2057,0.1966,0.191
601601.SH,0.951,0.9581,0.9489,0.8818,0.931,0.955,0.9211,0.9791,0.964
601607.SH,0.209,0.1875,0.1811,0.1977,0.186,0.187,0.1666,0.1685,0.176
601611.SH,0.055,0.0536,0.0536,0.0611,0.057,0.054,,,
601618.SH,0.236,0.2079,0.2156,0.2073,0.194,0.189,0.1742,0.169,0.159
601628.SH,0.362,0.376,0.4431,0.3871,0.413,0.384,0.3888,0.3993,0.39
601633.SH,0.072,0.082,0.0841,0.0783,0.089,0.088,0.0809,0.0805,0.08
601668.SH,1.274,1.2701,1.1185,1.0563,1.053,1.039,0.9664,0.9902,0.931
601669.SH,0.317,0.305,0.2983,0.2907,0.267,0.266,0.3258,0.3044,0.29
601688.SH,0.563,0.6364,0.6634,0.5992,0.545,0.537,0.65,0.5885,0.56
601727.SH,0.185,0.1733,0.1701,0.176,0.171,0.166,0.1529,0.1515,0.146
601766.SH,0.934,0.8289,0.7914,0.7258,0.688,0.679,0.6259,0.6168,0.575
601788.SH,0.182,0.1847,0.226,0.2089,0.199,0.192,0.1794,0.1767,0.171
601800.SH,0.282,0.2486,0.251,0.2406,0.237,0.226,0.2114,0.2072,0.19
601808.SH,0.054,0.0508,0.0498,0.0502,0.048,0.05,0.0456,0.0493,0.058
601818.SH,0.627,0.6397,0.5992,0.5342,0.543,0.54,0.4809,0.506,0.486
601828.SH,0.037,0.0357,0.0338,0.0343,0.032,0.035,0.0388,0.0368,0.035
601838.SH,0.034,0.0306,0.0307,0.0293,0.031,0.03,0.1265,0.1231,0.12
601857.SH,0.621,0.5873,0.5456,0.502,0.491,0.511,0.4401,0.4239,0.402
601877.SH,0.222,0.2243,0.1903,0.1958,0.179,0.179,0.1585,0.1674,0.156
601878.SH,0.103,0.103,0.1192,0.1261,0.109,0.104,0.0992,0.0943,0.087
601881.SH,0.094,0.0993,0.1293,0.1309,0.122,0.115,0.1272,0.1169,0.11
601888.SH,0.626,0.5251,0.5381,0.5509,0.619,0.667,0.6906,0.7082,0.756
601898.SH,0.091,0.084,0.0812,0.0775,0.076,0.077,0.0701,0.0687,0.072
601899.SH,0.43,0.3597,0.3758,0.3563,0.329,0.347,0.3551,0.3513,0.359
601901.SH,0.233,0.2539,0.2703,0.2572,0.235,0.26,0.2347,0.2305,0.221
601919.SH,0.164,0.1643,0.1689,0.1714,0.182,0.163,0.1573,0.1459,0.144
601933.SH,0.321,0.3095,0.2855,0.271,0.306,0.331,0.3138,0.2926,0.306
601939.SH,0.455,0.468,0.4215,0.3866,0.409,0.414,0.3929,0.399,0.376
601985.SH,0.262,0.2503,0.242,0.2406,0.227,0.228,0.2066,0.2123,0.204
601988.SH,0.81,0.7655,0.703,0.6509,0.671,0.722,0.6216,0.6287,0.603
601989.SH,0.414,0.3947,0.4172,0.4738,0.425,0.414,0.4027,0.4406,0.451
601991.SH,0.083,0.0754,0.0715,0.0698,0.067,0.069,,,
601992.SH,0.124,0.1129,0.1172,0.1229,0.107,0.107,0.0999,0.0944,0.091
601997.SH,0.157,0.1508,0.1598,0.1484,0.155,0.157,0.134,0.1377,0.128
601998.SH,0.178,0.1724,0.1822,0.1582,0.158,0.156,0.1459,0.1468,0.139
603156.SH,0.027,0.0244,0.0236,0.0286,0.026,0.024,0.1239,0.1127,0.099
603160.SH,0.077,0.0661,0.0674,0.08,0.094,0.091,0.1087,0.1195,0.146
603259.SH,0.084,0.0799,0.0806,0.0804,0.076,0.073,0.0749,0.0772,0.103
603260.SH,0.034,0.0351,0.0356,0.0373,0.03,0.032,0.0381,0.037,0.035
603288.SH,0.593,0.5915,0.5375,0.5655,0.592,0.717,0.6897,0.6363,0.753
603799.SH,0.16,0.133,0.1639,0.1606,0.118,0.126,0.1103,0.1292,0.132
603833.SH,0.107,0.1109,0.1025,0.1283,0.124,0.127,0.1087,0.1005,0.123
603858.SH,0.119,0.107,0.1061,0.1068,0.116,0.1,0.0918,0.0938,0.087
603986.SH,0.094,0.0998,0.1122,0.1196,0.097,0.097,0.1224,0.1151,0.164
603993.SH,0.283,0.272,0.2895,0.2821,0.243,0.251,0.2234,0.2131,0.206
000596.SZ,,,,,,,0.1112,0.1092,0.117
000629.SZ,,,,,,,0.1169,0.1149,0.106
000656.SZ,,,,,,,0.1032,0.1056,0.117
002010.SZ,,,,,,,0.0789,0.0826,0.078
002410.SZ,,,,,,,0.1841,0.1911,0.198
002739.SZ,,,,,,,0.1229,0.1121,0.106
002938.SZ,,,,,,,0.0638,0.0721,0.07
002939.SZ,,,,,,,0.0492,0.0386,0.043
002945.SZ,,,,,,,0.0393,0.0358,0.035
300413.SZ,,,,,,,0.0687,0.0655,0.074
300498.SZ,,,,,,,1.0752,1.2655,1.252
600299.SH,,,,,,,0.0245,0.0265,0.024
600663.SH,,,,,,,0.1085,0.1049,0.099
600733.SH,,,,,,,0.028,0.0272,0.023
601162.SH,,,,,,,0.0461,0.0386,0.036
601298.SH,,,,,,,0.0333,0.0318,0.029
601319.SH,,,,,,,0.0813,0.0779,0.073
601577.SH,,,,,,,0.0288,0.0273,0.026
603019.SH,,,,,,,0.1908,0.1794,0.181
